PC1,PC2,PC3,PC4,PC5,KMcluster
-0.005402358002659016,-0.00812249477900275,0.0012783600911557278,-0.003493417586788528,0.0023284839121880483,1
0.0010859903468733434,-0.01342514892898716,-0.003063438392799907,-0.002780274768450253,-0.0012021781349759154,1
-0.01702106259547961,0.01451353017857225,0.0044411119069860325,-0.0024820821537399652,0.014432647560044594,6
-0.005359256451611892,-0.00013947630110672327,0.009578540398815458,-0.008524850004591354,0.007070266264791347,1
0.01970399699654061,-0.0015689552514946683,0.012071886368373495,-0.00417770735117036,-0.003969287948064385,4
0.008371782845559086,-0.009999097199707313,-0.0010790500467905612,-0.006737535725258523,0.0009870621207905617,4
-0.007838056825426685,-0.009370499194072962,0.0039932021854197945,-0.003583439623903714,0.002761649394021075,1
0.0187000686189566,0.012947144378621281,-0.0015068355208106483,-0.005804381867432853,-0.0048294763714847025,4
0.023330177324838424,-0.007340482452972549,0.011848811776156105,0.0011283142995152813,-0.010348290221861798,4
-0.009346895130690102,-0.0010819066202902336,0.021061006779161402,0.0008173950144063867,-0.001985562739216671,1
0.06506670160769847,-0.0022230840536823357,-0.0005595658670573191,0.0034097213746368455,-0.007809505742767063,3
0.009980980992027965,-0.007452852790550322,0.03140440893803626,0.012446056318368079,-0.0188911893461319,8
-0.014882367763307355,-0.02739137953064253,-0.013446548268357913,0.006362890528042193,0.0011827824296039586,2
-0.013301207549950834,-0.03290165735398672,-0.01171934842812377,0.013635349106020165,0.0015999261537593195,2
-0.004736238385198471,-0.003612173663515435,0.004390763212234764,-0.008803510704271586,0.007446760736253712,1
-0.013025296450686171,-0.019799970222896594,-0.002720260873811523,0.0038720050133989937,-0.0017294810255799912,2
-0.016496240278693047,-0.020173372090517852,0.02146406716593915,0.017952248134720898,-0.01526219617908767,8
-0.006645746588589007,-0.01710635088602807,-0.005855228455864509,-0.0006450548472624461,0.0010363395994829867,2
0.004240475747566038,-0.0023726892313805184,0.00039709315532249955,-0.007760652730990955,0.003563206793374749,1
-0.015491242775710535,0.015028737810408118,0.004903512979815336,-0.0053486614849502226,0.003591531009895296,5
-0.007380549536935036,-0.005914292381302014,0.022092059731621285,0.007255521457858175,-0.012261633211939243,8
0.08438403351576372,0.008828685848989024,0.00246545037493839,0.0029553550279207597,-0.0019133295600908431,3
-0.014549514595694054,-0.01285727171418483,0.03626996096492408,0.025191375982399525,-0.02000485484749869,8
0.08392248684096142,0.005612700311883262,-0.0026662377920131323,0.005294732408240263,-0.0021693231663259586,3
0.011687649979496208,-0.0016012127055416102,0.003120109567586146,-0.008835801518298355,0.0029069197011531004,4
0.008130479436001061,0.016548727955498416,0.00722852754435249,-0.006669557624203116,0.008760586584903385,6
-0.014236880666687124,0.0059977361212405385,0.0015296975489901693,-0.00471382332445465,0.004253816398609916,5
-0.01690741490333264,0.010930487701003569,0.004006950553869673,0.0011761483532814715,0.019382437690411477,6
-0.013789117253161388,-0.006612057626502205,-0.0006158633214364971,-0.005115711010771583,0.007131369741180818,1
-0.00818229386353863,-0.022034042465247147,-0.0019916800286302007,0.004811214467517149,-0.004421429508569793,2
0.048848072977858766,-0.006561486051202948,-0.00357325431897881,-0.003266839024413315,-0.004605703631440177,4
0.04731622754841122,-0.007183311904458008,-0.004692543567642056,-0.005202250320121302,-0.0036300918021116286,4
-0.008896060738730236,-0.00706477661994001,0.001478056546243683,-0.006057240527792596,0.006163818602005173,1
-0.0014745058685645485,-0.004931244969654163,0.003133313026262824,-0.00800601745212195,0.00482477222910963,1
-0.013031198533453334,0.018151172675066583,0.0027175510433275875,-0.00531647107929379,0.0028822230142676727,5
-0.0015520463215082088,-0.0024448465421071115,-0.00624494718124413,-0.005193119719200773,0.00025633685741757565,1
-0.011676036173806461,-0.025723900623801265,-0.008723916146779117,0.0043820657980906995,-0.001163269743882297,2
-0.008480324102316835,0.00549992173549126,-0.0060626552630996715,-0.004517591394488642,-0.0019126201271071261,5
-0.004612502106104298,-0.0035484255938989565,-0.005651031694377343,-0.004808421628437235,-0.0016005355906179484,1
-0.013317948782618369,0.006750168046896594,-0.005939222123347066,-0.0032522321137301836,0.0018390009011169702,5
-0.004188722913096321,0.006761450954897199,-0.006691673457702486,-0.0011437435148497505,-0.007081056673348133,5
0.06614229996943122,0.019514812964021595,-0.0023619447275565935,-0.0004920050003915358,-0.0071418042114423375,3
0.05004785230484216,0.007813292917012975,0.003717935890202256,-0.006019887505655969,-0.0009436366396705844,4
-0.012812723607524145,-0.010909651171588887,-0.012885874960635533,-0.002466496647144491,0.0041868492020447675,2
-0.015917675170244668,0.007294950260780562,-0.010386918387688541,-0.0007416354682395226,0.001865475994264175,5
-0.012340183959326864,-0.0249678466640022,-0.01012679956308932,0.004438014594957867,-0.0005321535031542157,2
-0.01059650624556733,0.0005680173959330565,-0.0012082246251381632,-0.006534456248947489,0.0053299213988434535,1
-0.0018628004063003778,0.005891122768421583,0.0011487726188186649,-0.008234129520856445,0.0036462432802090933,1
-0.0073580247793264605,-0.02547897185216194,-0.014306792682816122,-0.00022625679683913126,0.0017067260306374906,2
-0.008957367912322834,0.005320094965087555,0.015438435380900348,-0.007779967489165451,0.008102185251376837,1
-0.007353058743243801,-0.016985614835867986,-0.009513655043007914,-0.001461024810751077,-0.001350580679450674,2
-0.008460762476575234,-0.011761363242428586,0.010369895967292972,0.004539566331388879,-0.003687713490188027,1
-0.0030391256411948695,0.0047970852684656035,0.01122614496489556,-0.008987263168989765,0.009428623519619515,1
0.00024507274333185287,0.010685535614197758,0.007783049665851741,-0.007420586817385885,-0.0004945264655111355,1
-0.017147790771639443,-0.010511453307050077,-0.006210749729182809,0.0015654011232128203,-0.0018079359053064647,2
-0.012034300916160298,0.00439293815434944,-0.009146531075593864,-0.0015679239701894894,-0.004375595881909137,5
-0.014911669448221228,0.012799334964272751,0.0027139934395575727,-0.0031754900802417603,-0.0003682922803699357,5
-0.002227365435702328,0.017438727801618398,-0.011520181009783234,-0.0033160920370245194,-0.007702668512525855,5
-0.010837340430025853,0.007150305047895732,-0.0019796595921513028,-0.005878603640940628,0.0026451294202864276,5
-0.0010273548778692387,0.012605421692759938,-0.004203542332007529,-0.003656870350940589,-0.0029970859644324974,5
0.0022877498513936448,0.0007272570923569343,0.0064172409137744895,-0.009417258564878215,0.005918451124237057,1
0.012146273643782676,0.004307885947233972,0.006536251940413821,-0.010793330036571198,0.006035359906117876,4
-0.016432497729655618,0.011154182175975382,-0.004950794948034173,-0.004119671146938961,0.0017595014564193757,5
-0.000817794816166895,-0.021202646969373247,-0.01091025825844567,0.0030089223706625994,-0.0029940410927671596,2
0.005918755912351508,0.02694987672535351,-0.002759913972693057,-0.004756705786511289,-0.003811727084358427,5
-0.013479905139776595,0.018420448415676575,0.010529485268861853,0.007536980868842472,0.03561464311073606,6
0.01118878369921126,-0.005626756817165343,-0.0009273074004107173,-0.007306284717083177,0.0005699892239697342,4
-0.013075630744799003,-0.007800803634125598,-0.004780495702375987,-0.003217498307604247,0.006331530624578309,1
-0.010248305262123406,-0.02154488761879889,-0.005114856786485478,0.00268390698674541,0.0017423761160269792,2
-0.011575652191424734,-0.012235600492287954,0.03147665209083212,0.019685963751387883,-0.017050715414247446,8
-0.016765033009233165,0.008675859164333761,-0.002992360855845032,-0.0035259281130993803,0.0033483668986107116,5
-0.01709710322078111,0.027408712367284916,-0.006767062306238304,0.00022503218557922677,-0.003571532573425196,5
-0.015272526132665559,0.0028895598916828286,0.021409056789026035,-0.0017932255828215535,0.007282620812183636,1
0.019951303206095325,0.009031193294283198,0.008422942353200045,-0.011594580897799266,0.005496579383745315,4
-0.01534168963601434,0.01198493978398971,0.005453755617604298,-0.0017396677933814474,0.004634422865790518,5
-0.013159622147489367,0.016944425924775162,0.0005762577856610013,-0.0052069254985799545,0.0013393640290507408,5
-0.00043150037139589936,-0.03105880780362604,-0.01863814099076253,0.002204192072709504,-0.0016277129180760097,2
-0.009563137343793177,-0.02113505285010091,-0.0190308247814469,0.0008695556855869647,-0.0002625284250598532,2
-0.020782506881320165,0.02318576968185604,-0.0078070159117048215,0.0030513423831743367,-0.0041200754159894555,5
-0.019538082803007843,0.011762449491152922,-0.010780889123108596,0.0003583579848198718,0.002065361579521674,5
0.004006135344027934,-0.034146073711132006,-0.019908628328727807,0.006893485141782151,-0.006796135682852182,2
0.002252621580644106,-0.002673463710482878,0.017910693011945502,-0.0036054346139524243,0.0005575495273408816,1
-0.006331523455995312,-0.03382543121902157,-0.026760436101550468,0.005697438278449072,-0.0017848654907740163,2
-0.00386512042625836,-0.006900014856947608,-0.008153037845125884,-0.002532402200904191,0.0022864634448608273,1
-1.2014012232859315e-05,-0.02224490534652029,0.0024130277001000117,0.007608860837739057,-0.010550239936796187,2
-0.005660761717136922,-0.020818329307929064,0.020577892481574316,0.015927471862284336,-0.017719997969450525,8
0.004793373801121627,-0.006939397639448993,0.011406371266557153,-0.0017246248296746345,-0.004207213164002403,1
-0.021974584990009274,0.04730222039726482,-0.016333524315121167,0.010934701213461514,-0.012575438426492518,7
-0.015612421268172543,0.0219185752133133,0.003850129888087824,-0.003030190455649679,0.0037592886867495547,5
-0.012272976824204956,0.012324509253461362,0.00013057350585969925,-0.0025266249935956787,-0.0015793496421189139,5
0.017022478160273587,-0.008805352343001017,0.009115371203416798,-0.0009629529058021447,-0.0070234900948157476,4
0.003117432063646343,-0.017418985329798468,0.0053946757431404275,0.0030118368103823384,-0.008139867684205437,1
0.04723684888332973,0.0039362090627967665,0.013805719805203105,-0.0024644129982974317,-0.0069918849814294675,4
-0.0024784468097214735,-0.009035171048628454,-0.00120917325035551,-0.006942060726676922,0.004028834097897637,1
-0.01464231540347753,-0.022961605328685956,-0.010858638743986609,0.001629203384597575,0.004400659293805752,2
-0.008827107916685641,0.008075464755555567,0.005086086124003411,-0.004799260805469712,0.002073848771548734,5
0.005201179600784182,0.0014232255501588817,0.0023103372067143513,-0.005675279188944154,-0.0003492222021095004,1
-0.022789346069026918,0.042088070405620244,-0.022909800608503283,0.012444120886461267,-0.009128192783269389,7
-0.01819949022379195,0.01269718691976806,0.0036089434583149904,-0.0048181023385678,0.009603713210697203,5
-0.005859096745292309,-0.003170524646095038,0.02883492600355013,0.0048904602523737765,-0.004661133109738755,8
-0.020624659990121284,0.03147673475106542,-0.00861168289015843,0.003450339111049951,0.001393152997539395,7
-0.0022074947251312406,0.0017258446936842772,0.007566392555942894,-0.009710951211179345,0.00793372624171986,1
-0.008091990670117932,0.0004245810296471719,0.012176689341845294,-0.007706873444372963,0.006515240143737298,1
0.0019652978885972942,-0.004677714901508242,0.016669555268764475,-0.0031228269758948094,-0.0010108013482597695,1
0.10376639482536006,0.012342826497203842,-0.0007360324297539766,0.0107955979575867,0.0006381753571951618,3
-0.019744268418044986,0.028102607337497344,-0.002175082153366906,-0.0002900949978799136,3.872919879201646e-05,5
-0.004673101019972656,-0.010068965588865747,0.000186082970176456,-0.005025508831049471,0.002857586514408297,1
0.009682659338182829,-0.008574412550770133,0.0008265214990870657,-0.005332928738882326,-0.0004738065850573679,4
-0.0025577257458701715,0.008069459584735546,-0.0007229749865340537,-0.0075406143885811405,0.0005175430983863252,5
0.0021668161716610055,0.0020882357030448905,0.019894833881420368,-0.0036073272461622087,-0.001378193437096592,1
0.0017928174844073998,-0.011683614771658966,0.008166944623892914,0.001620247012332867,-0.006539362152073164,1
0.016908464195577354,0.006713022299693781,0.010162464000794548,-0.01166383122556071,0.007392198943939325,4
0.008738519940716206,0.016852260699638914,0.0007460556174498417,-0.00792396566247176,-0.0021950583405937595,5
-0.0064398962629988515,-0.02800612667385417,-0.018263252896196434,0.002318735553249897,-0.0014355730868827116,2
0.025191079650915056,0.00036373368780455705,0.006202777033255401,-0.008682061699258075,0.003918729534746161,4
0.016076507012676225,-0.007417657641278153,0.00761202452578534,-0.002546873372410004,-0.0059399387911645025,4
0.013246688817227369,0.0003840321045719632,0.01347986584631987,-0.008382544087501647,0.0007230462028462094,4
-0.0034427377859264146,-0.030170120027181353,-0.01504925377771153,0.004651661750462329,-0.0034322674707793718,2
-0.001577026511959694,-0.01056072112732793,-0.002030147174783902,-0.00744187004072217,0.0038511398372521413,1
9.324543011105472e-05,0.00038634470367942023,0.008357038226166515,-0.007977856431480482,0.009685028408844469,1
0.011734414655345797,-0.026131370659879017,-0.011948764269208123,0.0039046535564786614,-0.006889097609050248,2
-0.013722200586605489,0.011874487763993462,0.005075223376735929,-0.004207502992800065,0.0070191972312715085,5
-0.013321734215222548,0.010358743889821644,0.00036971002668783975,-0.005561806180208048,0.0022099326884413547,5
-0.022186254412721502,0.047529727450670474,-0.01572665554190153,0.012434216950901385,-0.011788181248402651,7
0.0026638889573084453,0.016980618970449897,0.009194662776143428,-0.00018548855763502646,0.027441804669448438,6
-0.021052623188343635,0.03241623485238491,-0.00841727886539136,0.0023583131935147887,-0.0013564957952966112,7
-0.00908765203746158,-0.003823105421273087,0.0007170715821998475,-0.005145398144049087,0.004668249619419283,1
0.028091779178669365,0.02624782511927051,-0.004813149622998016,-0.0043773635370314085,-0.010192370138630355,4
0.09505651591214358,0.008700181940424852,-0.0012972414258292852,0.005962204479516214,-0.00030197444517641114,3
0.00019397522348192414,0.0070536506282594036,0.014146369445685862,-0.0094994667104105,0.009844232723420358,1
-0.012745012435674418,0.027977512897944333,-0.004419492960617795,-0.000701519474533227,-0.004863261867571671,5
0.019926062329972287,-0.0010558995973185266,0.0017909650672966776,-0.009073560386940889,0.004402711603318498,4
-0.013391785523643271,0.0202801888649925,-0.005089118148575963,-0.0032334728224748697,-0.0020865005058647228,5
0.005361501256132585,0.010090084677031584,0.008061910934209968,-0.009756957756125043,0.004699021092602496,1
0.09046029143335134,0.009959091988395858,0.0005777543088073757,0.004641631713835221,-0.0007976729491735799,3
0.10059370020082808,0.008487671599836329,-0.004120787187189039,0.01046907927864542,-0.0006396454249595004,3
0.015736065076150302,-0.01477086560407166,-0.005716677847475357,-0.004212971589959471,-0.0026302388092005174,4
-0.006903867593016452,-0.0015043758608921443,0.021819557012902096,0.002811312488252504,-0.004701163634394243,1
-0.004963387052707305,-0.004022910057489411,-0.006745704193005285,-0.003272811681181863,-0.002710922966262282,1
-0.018650162888543702,0.04058041085566066,-0.02032373967346476,0.013668809598819491,-0.015754975235895332,7
-0.00523992440589659,-0.006840681904874721,-0.00033575284541504275,-0.0051783735698432715,0.002484629307866046,1
-0.0004698791402019294,-0.010224388486335181,-0.01730945005408626,-0.0017262607949582267,-0.004007313353388431,2
-0.019970255628983538,0.009935645232290315,-0.010708966283257638,9.64024208488053e-05,0.003198360413591391,5
-0.012379732631672889,-0.022426595108592958,-0.011671299205333044,0.003616486820330721,-0.0015376948987710528,2
-0.022079279768830545,0.0546383229351653,-0.022289821179828744,0.020465844054249484,-0.018327600202488272,7
-0.0058408369219708845,-0.011839322777254274,-0.004664644888193358,-0.0063021864969777085,0.005004868640510048,1
-0.006300434881398905,-0.0022065502347115946,0.027323981938851723,0.004172660744865686,-0.007203269574953517,8
-0.007195860853836899,-0.011116398313086365,0.01593756078359791,0.002936474037161135,-0.003908823091899352,1
-0.014101371880203458,0.00947316308892787,0.00963077808846428,-0.005618428597514244,0.009201688980607012,1
-0.01257197750868982,-0.014434475730242353,-0.006563197245117855,0.00025608926228290956,0.007404908407542344,2
-0.006619944840097345,-0.00791929850716066,0.02744946876347295,0.008807692334658728,-0.01197085447987525,8
-0.008736291906566359,0.0074467187917975994,-6.71302873980456e-06,-0.004699083001709451,-0.0016215052390619099,5
-0.0018027579789155663,0.021410765392708114,0.00015913607152068693,-0.005384117221660534,-0.0017332562808037605,5
-0.01495342824493723,-0.014631068598922442,0.031092454444748428,0.020219335712077385,-0.017059151755423038,8
-0.008132521340461638,0.020587855893602548,0.00353220238611655,-0.005580464920934781,0.003332491178067201,5
0.0767191384485477,0.0019825917444734184,-0.0028478195710115194,0.004291109027834937,-0.0037990151894279913,3
0.009898023289691533,-0.002930742264367619,0.021221864517196518,-3.819629163335689e-05,-0.007787030891359098,1
-0.0024581065022223157,-0.002068330459398261,-0.0004532497755831971,-0.008040555208947392,0.003842045507205897,1
-0.0075710395730764326,-0.007380728607649234,0.025841838648339496,0.006774063017626048,-0.010113035713238183,8
-0.007552160575639445,-0.012362667385303738,-0.011239024028128201,-0.0031324143840028187,0.0005300800965199114,2
-0.005675044645467464,-0.0010505974744708343,-0.0010828654177627115,-0.006635125434578912,0.005248300377930116,1
0.016880830778280977,0.003002486508346974,0.0065796832042822875,-0.009072525088009726,-0.0005578289467692079,4
-0.004171738181604667,0.0009754479849464987,0.022619716176286515,0.006633615451279029,0.01369300333334759,9
0.09300557614178565,0.012359925773928367,0.0009183177103796045,0.007310993730573807,0.00017227698831009927,3
-0.0032663843864484637,0.006319283119065073,0.010403088303461698,-0.010361766082544265,0.011036015837040771,1
-0.009687756835826648,-0.014956217978853017,-0.0057712762601231675,-0.0051152146135725095,0.006233690946436197,2
-0.01594205386373626,-0.013728800634053785,0.02942541086607057,0.01678798535416222,-0.01446917857693216,8
-0.017758329289771294,-0.015088307174098054,0.019696302434233866,0.011422003995254342,-0.009948292695918159,8
0.03626003134101209,0.0033835358992003305,0.005948722764548683,-0.010513130177487565,0.0009443170625372227,4
0.0035824568792508964,-0.0024379175208710446,0.010010090655780334,-0.005639104419579611,0.0006362746780318561,1
-0.016833879895521646,0.014614950866730026,0.01413506725038092,-0.0012086071848442707,0.01182066661798547,6
-0.01787361540230214,-0.04507027473626708,-0.03197352872326523,0.019448546477036418,-0.0010616600666719204,2
-0.006875721427047679,-0.015848869087395398,-0.00895288609999287,-0.0034712892986255104,0.005233608459929498,2
0.01204156389088157,0.0077101367276868294,0.010769462547525943,-0.009420136997444494,0.0013236629616576751,4
0.012023979817192906,-0.01296833946470946,-0.018953007243089525,-0.003932295079188896,-0.003337559790422763,4
-0.008444330266823001,-0.012014354906835993,0.013465505446414531,0.0029391953153877345,-0.005343805478747257,1
-0.009593409716801294,0.01707499200166806,-0.0023657657474777335,-0.00529228561543406,0.001437592072648735,5
-0.004622465725412135,0.005093723659794079,0.0001478397954491125,-0.0022368427561980414,-0.004555534272981807,5
-0.009828825968237503,0.033605581569310664,-0.006851583387900569,0.0008473279964620957,-0.008683384174747228,7
-0.017497133197760122,-0.01799967437022414,0.03389509452247695,0.02794185659976741,-0.02203571133765596,8
-0.011160482718897113,0.005923270480080737,0.008006066090975426,-0.005671480039643323,0.004419273943175587,1
-0.011757710325867164,0.02629495399227355,0.0001004115114825556,-0.0026107703291245077,0.00010207813188568619,5
0.08375318455086765,0.010128300633834672,0.0012750485908147493,0.003918088896593787,-0.0008086268480515678,3
0.002000378251885952,-0.016210192451112212,-0.0031368791126905474,-0.000863691121370462,-0.002550555057740921,2
-0.015393920514375724,-0.023010595700219537,-0.018948085737156468,0.0030084501994052243,0.0014227442891525412,2
-0.01683593383015333,0.013779727634718901,0.010257962433783125,-0.0010192555332327014,0.012689749913690552,6
-0.014929472534554305,0.008160331408169784,0.01138426904435602,-0.004785942976475142,0.004557766384429964,5
-0.012994288658629487,-0.03178346650425553,-0.02129656694434179,0.007824786575060031,0.00043846966005655025,2
0.023056223500337408,-0.005418688864057627,0.0023977338481712715,-0.006292622596618543,-0.002051759886911128,4
0.006128346754164951,0.0165111056632564,-0.0058983148993982555,-0.005527283218100004,-0.007195757036703175,5
-0.0033907716191546693,-0.00896368596166201,-0.005328319077753273,-0.0062704251717657375,0.0031118883488994355,1
0.0005676194049479455,-0.008563453691125359,0.003963522356723809,-0.004947151367644992,0.0009094705721483915,1
-0.012608810696665518,-0.0018823687886873241,0.03944847400129567,0.01829872221223868,-0.017585790209229152,8
-0.010324742248631173,-0.005089765928833741,-0.004216239849275328,-0.002243093433773539,-0.0002576001923542612,1
-0.01061199008242386,0.02509599207235974,-0.007168937069355826,0.002501412282109604,-0.009349244129581121,5
-0.01753711292511772,0.040728020563899604,-0.014421374411629294,0.006442656550144207,-0.00971790519537528,7
0.018937844358895232,-0.008217631066431695,0.0020951828761137385,-0.006408095823913138,-0.0018160105599530373,4
-0.012228393204157693,-0.014268070015530607,-0.003068141344854384,-0.002759486033317076,0.0035519701771659874,2
-0.004883557408183908,-0.012401670118953921,-0.0010089857418316647,-0.0036507169622648555,0.001171072938438727,1
-0.004261916253624854,0.02367493189588158,0.003054489083314516,-0.002801763801034203,-0.003956056470609617,5
0.003617293406265798,-0.012701581536876382,0.001080666936227414,-0.004434701327627396,-0.0008931511607108029,1
-0.014085810903162596,-0.011631231581650772,0.023655091071979772,0.011728759554886264,-0.010649003948621893,8
0.004601967660681071,0.0071040680226296315,0.008898728693322963,-0.010934181094696379,0.008977523988605983,1
-0.011780283105041676,0.012888745516643598,-0.016184371039132273,-0.0016386881046389769,-0.006625576969353591,5
-0.01178543845875322,0.009447430823346033,0.008086408452903378,-0.00694105377995307,0.007297056016183045,1
-0.001939475900348043,-0.007472603443522031,0.0013606908900500076,-0.006401689777450766,0.004401041222607963,1
0.007167586205398422,0.020955877845941943,-0.0029871957769808935,-0.005951246050262285,-0.004970484299139617,5
-0.01845332586163541,0.012190241494884738,0.003745096408297043,-0.0015223956191022746,-0.0003593452002257248,5
-0.003459796901282339,0.005475615939743161,0.0030101262136072358,-0.007475333343959699,0.0034921056996295285,1
-0.015037849130170533,0.0047968485742974545,-0.013246576234174705,0.0021937972284198455,-0.005772421263424746,5
-0.01741903557265371,-0.006885367985965456,-0.00047540498428955613,-0.0016124038334522934,0.0033881048204031147,1
-0.008784363670489265,-0.00879051893521948,0.0016316661014063333,-0.005046968446104937,0.005655580983730614,1
0.01897909617103866,-0.005483416106938972,-0.0005757602620316424,-0.008410622985935225,0.0011851116755939046,4
-0.016438246157932684,-0.008157641544278008,0.0038174985651925693,-0.002569168491271452,0.006978405527941397,1
0.02631857680586453,-0.011356725878989444,-0.015937800306829703,-0.004707895521666397,-0.004315060485698447,4
-0.022009832260890677,0.04086128490354434,-0.014966539614449235,0.010445971146780902,-0.00581648769508457,7
-0.010236549435151884,0.015261536738418926,0.008966445199231598,-0.006714943320667189,0.013059587831576127,6
-0.015595774296192473,0.01693560563152166,-0.0035865887610772975,-0.001901481773780159,0.0032347805795371973,5
-0.013007774570152751,0.004336130518225764,-0.003228281541386704,-0.00469187516560879,0.0016545941239699113,5
-0.02130755628024551,0.027927846970184435,-0.009910944644096817,0.005674178669262297,-0.004684717092492869,7
-0.017092173251680172,0.008603963451332271,0.0008242518460330143,0.0011641528922545774,0.01949527901411168,6
-0.014315844253914129,0.015005759893728281,0.012195295197681956,0.003620403875329322,0.031143358739816367,6
-0.002060534433794833,-0.011820702278239904,0.004771160059754897,-0.0030394593238917997,-0.0018674037522626319,1
-0.02085646802623787,-0.006337406788728708,-0.019616507947091643,0.00718523686858343,-0.006025169210943936,2
-0.014454557079651846,-0.016118139374737914,0.0010433727902908053,0.0019741567998729434,-0.00017434141388951031,2
-0.011246718436880396,-0.025250441107414492,-0.013864040440119619,0.003580302166405142,-0.0010672793512929908,2
-0.017061738746507394,0.014610839156062936,0.006064342066640873,-0.005116696239818979,0.007847719888587014,5
-0.004882059234927746,0.00509437651913417,-0.000284112787151667,-0.007702350760312255,0.0025234277572284635,1
-0.015064690747840292,0.011330205102770207,0.013082896334217331,-0.005295423010760151,0.020803690157303812,6
0.050479228485950545,-0.014135697062714751,-0.014767684854792048,-0.0003755620137332161,-0.005113662580833826,4
-0.01822255746812965,-0.02255171330759935,0.01431245639248129,0.015980450801408013,-0.011859814260032072,8
0.015708316512252574,-0.021007740927610336,-0.008066376802490704,-0.0009622619116775993,-0.006033743847437549,4
0.00036816324589939906,0.013661706962208012,0.011411831028740547,-0.004838820244541427,0.020603102593556903,6
-0.0008718473518540518,0.009219193183416614,-0.008592071886953932,-0.0015428713384764427,-0.002931693736639276,5
-0.017398444941584,0.017795832165994244,0.0068609410490226685,-0.004656617503714823,0.009544851360573519,5
-0.015344619958207238,-0.004301962668078801,-0.006664556624816434,-0.003431443253078626,0.006121008282226018,1
-0.011699839789294716,-0.00669931496981774,0.008286172940053977,-0.00349030071592156,0.003102741018677468,1
-0.016589568239073083,-0.03639903237874067,-0.02495629809754262,0.012831802472653902,-0.0016230796634044374,2
-0.007450447691751822,0.014180811016862105,0.00022164134049694142,-0.0024159441744954187,-0.005689894714097916,5
-0.007363288368563328,0.0005835516456185922,0.01091840889309486,-0.008440676712816264,0.006783254936645191,1
-0.002824840087373475,0.0028155191215767012,0.01064982870266056,-0.009583233137384663,0.00736683951831829,1
0.10089201510525755,0.009325919332116761,-0.003150993170208629,0.009868942064688512,-0.0003339097366192914,3
-0.005538047609565276,0.015415061778113786,0.003559903744429402,-0.00714503878289778,0.0009606918676451496,5
-0.014422621891940627,0.003735705700560116,-0.0008591738837412952,-0.0046636954383613505,0.002703281103613033,5
0.09239985652814138,0.011634691911103672,0.0009485242936829528,0.006161843595825777,-0.000338057992601425,3
-0.0026912705124321596,0.010148764917301283,-0.0038197010302733533,-0.003118651318503169,-0.007751353970190828,5
-0.013457888946615239,-0.011468623644201793,0.0001718269163598229,-0.003970955512988754,0.004524316892243932,1
-0.013872079817178409,-0.0029223958233006225,0.01585547789944669,0.0013400706576168694,-0.0035722698695004112,1
-0.017230444161954763,-0.016222507356494005,0.00010068704277749073,0.0006577710053321143,0.002346220484966163,2
-0.00908576144536843,-0.007970809252653659,-0.001228527377783124,-0.005944659603409084,0.005083322597012694,1
-0.01154839733591526,-0.000549696543605416,0.003989375806053926,-0.006394008977886601,0.007529536932417404,1
-0.007254789753711176,-0.007880713570385745,0.00023694519703160177,-0.006576557411181473,0.005323233308842313,1
-0.012253554858867274,-0.001571261920870716,0.00502453585477587,-0.008183876869479734,0.010288892927410528,1
0.019117916375135692,0.006743020915880883,0.008327384215305456,-0.011611285771877202,0.006531026063555059,4
-0.00967184326640891,-0.030187753212182516,-0.026436670744455614,0.006988456733395328,0.0032363203516483177,2
-0.006426943470916561,-0.03459830493920402,-0.020829134049450963,0.007939419158307877,-0.0032790655555604144,2
-0.005207343638213543,-0.004552751335081259,0.0017833964021593191,-0.008004838757446914,0.00680251826338289,1
-0.00770552196830299,-0.01023242339001597,0.0014617958606195304,-0.0020821063991676323,0.0027935359081740327,1
0.01570545661730426,-0.0027980631898899128,-0.00645519433489567,-0.007517841472246301,-0.00046092393345078413,4
-0.010831486619600088,-0.016090567738874167,-0.002750499683808419,-0.000912498715034705,0.0012994931467136769,2
-0.010030219173911012,-0.005173838479446123,0.003995842977499124,-0.006499599034375908,0.006891441740238413,1
-0.007117758808026704,-0.01852128605225026,0.014326208577896344,0.01086025902444397,-0.01295119484436692,8
-0.014706099207677608,-0.021285676431007813,-0.00554843426327881,0.0025755678577203817,0.0057425972345408,2
-0.00958035885887653,0.011060867627209085,-0.006955757472071508,0.00044075342647185116,-0.008183066034939323,5
0.002736858816638439,0.001062808057274728,0.00793589198520445,-0.009319250304572377,0.006835061205573711,1
-0.0077318415623906225,-0.042991428929742,-0.025452627164275748,0.015504279545152518,-0.005568390326176746,2
0.07469783295074438,0.0039448501181857994,-0.002092993543647231,0.0013834505152500252,-0.002720144614074082,3
-0.014371848841726561,0.014374887545340317,0.00347621925030284,-0.0028951720618310608,0.007881564113798234,6
-0.005891396208639095,-0.01565451934575358,-0.005383544621982106,-0.0014786575964149983,0.002047933990166704,2
-0.008895047492939198,-0.006985253513087446,0.0017385077302585752,-0.005047874200957573,0.009656904788906021,9
-0.007166549072780681,-0.013020460450980006,0.002103926516082098,-0.0008214105858627579,-0.0006541526651043563,1
0.02909219280812568,0.017729222422794687,-0.011375204918195695,0.1374875925448547,0.08000422206498167,0
-0.011642326293090194,-0.021188253586450993,-0.009762244386525632,0.0009394150516065405,0.003335449851225797,2
0.06960606560793146,0.004278743640144662,0.00012776443525020113,-0.002717576279611937,-0.0014971462825058256,3
0.07038835162261757,-0.002447681652456153,-0.004454696806690097,0.0053053234968927524,-0.006305069075682392,3
-0.011695540031855549,-0.01532101279847976,-0.01053536298527866,-0.0027106226480992143,0.0023403822041184884,2
-0.01888809597022311,-0.023253265620610114,-0.017293431694564237,0.006401785491422437,-0.0018662998779245506,2
-0.008321251860623194,0.0056390583872094144,-0.0017167827899754844,-0.004842304412322711,0.0032037967117911647,1
-0.013524253066322291,-0.021174971377425463,-0.001958429366879966,0.004918897338021702,-0.0032360998661403666,2
-0.01047191741917593,0.028390450035732033,-0.0029202818724805737,-0.0005715448993934987,-0.0034747738788429607,5
-0.003479906774917437,-0.022221791595755595,-0.014214437839915255,-0.002938335808282123,0.0025628853319420203,2
0.011175632782454615,-0.015189761995650815,-0.017455738081602324,-0.002623046075226305,-0.003318172652012146,4
-0.007719038187620494,-0.03243959385983649,-0.018088073397447797,0.005228074781239548,-0.0017029212478509056,2
-0.0231805376483592,0.05351056818751905,-0.018652431785581527,0.01450428130295629,-0.009895806950673849,7
-0.005800613002696234,0.0006647850895727247,-0.019292051769731252,0.002845331671932734,-0.010934701838451015,2
-0.012570801679405648,0.005734483182970783,-0.011695317928647217,-0.0025225023923090943,-0.002375902373021825,5
-0.009941499523930464,0.03523904587258735,-0.0177497864782527,0.007531776972834381,-0.015415320409133482,7
-0.0013251415703356187,-0.0002235468108352858,0.008267851594975633,-0.010610739933588072,0.006900548806518108,1
-0.011558133491303302,-0.005120077837832368,0.005392981513567253,-0.006141888030404877,0.00726900721724433,1
-0.016868297121574692,-0.00010126286567667911,-0.012619091878071401,0.0017700785361550158,-0.005706365912693113,5
-0.013279670886295185,-0.030872320225917238,-0.010731704505664862,0.012076015265310837,-0.0036676643188775066,2
-0.009192758241079494,-0.011891145945566508,-0.007591373060159553,-0.000246414738490867,-0.0005216161872404635,2
-0.015351653869678232,-0.015010469919064278,-0.0022766908207259365,0.001172433489064265,0.00391307903868383,2
-0.011483576045121652,-0.018889524915801245,-0.001847212877615607,0.00406941636960683,-0.0007290302374553713,2
0.08251304012342645,0.0034974545117973112,-0.005642048906173569,0.007849369777494848,-0.004771193886927494,3
-0.014368627228131918,-0.021009859490204372,-0.00674275004657167,0.0032452434368459653,0.0012477549518313971,2
-0.011618076429289645,-0.0005767646265895951,0.006633556041535783,-0.006692218940583501,0.008441587783045504,1
0.005065883199744352,-0.02741350103014367,-0.009498323315371478,0.006789357916435791,-0.00814963091939663,2
0.006585320968442775,-0.00990352019852587,-0.00025332491985199826,-0.006439006429519992,0.0018714262557746834,1
0.02909219280812567,0.017729222422794576,-0.011375204918195674,0.13748759254485468,0.08000422206498167,0
-0.010636261877278974,-0.013474500361539025,0.0267849331733787,0.017193963804196695,-0.015987585472927834,8
-0.002976683259992968,-0.0043928883621929165,0.00496505906699268,-0.006205814724685495,0.004971459143625497,1
-0.008862550024363258,-0.016353468173027203,-0.0037193070416958215,-0.001278469584593886,0.0026005301836500455,2
-0.011963250020544963,-0.006971603578578303,0.009887819236335207,-0.0025660217057736035,0.001691581696812312,1
-0.009623394463214795,0.0005702211217473862,0.0129082883015091,-0.006865745199401972,0.005548945929750972,1
-0.004125941467647767,-0.03132423839596396,-0.013251768328172752,0.009957696187627044,-0.005830345025171445,2
0.02857568834598893,-0.007741319256810273,-0.003713648260320998,-0.0061018543978305995,-0.001238839068136194,4
-0.01719000142904813,-0.00030425294387558937,-0.00594090257793128,-0.0025345022428194357,0.001249503666025308,5
-0.00863134687913646,-0.005451593517881818,0.005730356484842585,-0.0042636181650627415,0.003586389760945185,1
-0.006169274214015621,0.0028538252071991627,0.0071254648102623466,-0.00856863215858898,0.010749168653246776,1
-0.011443999472285101,-0.021723847466625697,-0.009574965179298492,-0.00043937151561658305,0.0015670438842936506,2
-0.0032826172766670116,-0.010594103149804726,-0.011633644501501662,0.0016362635158164768,-0.0052282956103359216,2
-0.012428438650412444,0.012257566723827116,0.005623294654423133,-0.002967139466777446,-0.0005651802889878896,5
-0.010200511348427529,-0.006224745777920128,-0.0006971634778211682,-0.004320838562190508,0.0006308193751166388,1
0.01677755617292421,-0.023536816251684262,-0.015239859263699038,0.002366618713088472,-0.0051219578322170365,2
-0.016395217143680835,-0.017304487720546415,0.024629673662389898,0.01779651837372621,-0.015799333718045008,8
0.0067637499917409145,-0.02415121066869113,-0.0164607286678349,-0.003423756055834993,0.0010706502175516666,2
-0.007057641080521104,0.0022756477236756515,0.007110989303103088,-0.008232961194294897,0.007536585807748788,1
-0.01640712636472409,-0.011393583881673145,0.045564320925452984,0.031093926453414775,-0.022786913634457794,8
-0.005786604305892334,-0.009833191516776228,-0.0021635062107102933,-0.003644745856344023,-0.000531544485736146,1
0.010508378881100598,-0.00802462405142797,-0.001748138566302917,-0.008787547713728637,0.0031189635963392555,4
-0.014364812493721506,0.004368147227598009,0.007354277177797753,-0.006355400281365896,0.008401167217563914,1
-0.014653120194685685,-0.00406390166955133,0.023705662527670583,0.008924487191117332,-0.008435310315378282,8
-0.011453070052980617,-0.006376220930595827,0.04996398021627645,0.030423344099235368,-0.022971274810931093,8
0.01986134072303861,-0.02723351434930508,-0.022501055829703246,0.0036417062777258564,-0.00682325821215337,2
0.00032534086083459005,-0.018856542419405112,0.011676076040832073,0.011056086025511648,-0.013805016756476666,8
0.013748595478598793,-0.018026654363788412,-0.010440203716322923,-0.001965735419895349,-0.003186472934309752,4
-0.017717423627974235,-0.027350168452082404,-0.013271153553981677,0.009183870227802073,0.000479501624591872,2
-0.013171406744365068,-0.0111080307251847,0.024877154213014223,0.012078148169392606,-0.011089706310844272,8
-0.015859452666052338,-0.013377054496945038,0.008432321432285493,0.0030138259383455943,-0.000942756037858357,1
-0.006134092742146711,-0.008555520975478778,-0.004434938027621939,-0.003639643600904246,0.000849173412222136,1
-0.0032620742956491924,0.016601351992566817,0.007650764530747464,-0.005987069198432276,0.0005138237889291457,5
-0.0027878536051665873,-0.004986958506063068,0.03847765173546298,0.01576625468263283,-0.0176885786509928,8
-0.01779972144033243,-0.020928961485579125,0.029055265982396085,0.027077883554158348,-0.02136820628283191,8
-0.008033461797846616,-0.0008234543245758926,0.0047609385434818,-0.007442569360618173,0.008611155820542032,1
-0.006783740310149652,0.008373907485977298,0.00845792587536706,-0.00767952032712119,0.004880579199560106,1
-0.0032351765239270348,-0.007483161133244453,0.0017123250386492693,-0.005396686940652332,0.0029223895314738277,1
-0.016783526308201572,-0.008672127863748104,0.034637958235336413,0.017809929902202707,-0.014436851806563128,8
-0.0164559932247295,-0.02362523710466645,-0.004949032538452158,0.005894643893953425,0.0004755517701640001,2
0.0029232410011494955,-0.009091960845302432,0.00010401290147869645,-0.006610857052648892,0.0015900509674157217,1
0.005400017506248541,0.009506583896963154,0.004227998136142495,-0.008748890225837117,0.004397732577465042,1
-0.006789105579863566,-0.019891675287149954,-0.008596210224509071,-0.0011330203297897508,0.0012457910247621932,2
0.08272644806247588,0.0039657345466360214,-0.001995922282153592,0.006376186452827553,-0.00400026238276432,3
-0.00338609453401275,-0.017711963104110433,-0.009520921364225651,-0.00518887886270912,0.0031649994931765187,2
-0.007733074265624669,0.0014165194610428768,0.008908721217894927,-0.00774101538480395,0.007192069769597151,1
-0.006754553879099454,0.020832049326780185,0.004918104162498792,-0.0051159636697089474,0.001093483334784862,5
0.0118804372407913,-0.0022737067439413477,-0.005953559726879906,-0.008189853098144202,-0.0013209841337839471,4
-0.01721149834807551,0.020902079714292088,0.0023745212890778993,-0.0017048446107799716,-0.0008986078387830545,5
-0.0105665515114938,-0.007293435451988076,0.0012670229334864108,-0.0041151656614916874,0.00609345138129656,1
-0.015721925672223292,-0.009748976450854659,0.051327530824247417,0.03605235284283449,-0.024673885482692018,8
-0.006258268231320526,-0.000775001357475424,0.009506959388143341,-0.001954326678376534,0.01689750469969784,9
-0.016545300050145016,-0.02827266438075051,-0.00910407627626275,0.01135688712798929,-0.0024962756974441563,2
0.0056717659668532655,-0.01322827097995557,0.003848050082876079,0.0011690656693142548,-0.0054231245499427125,1
0.0021366902840639864,-0.02377684133003459,0.002651138694699763,0.00977706319247935,-0.012460593036958217,2
-1.5477400934803628e-05,0.002472287331336469,0.012509955769972667,-0.0031112327280385472,0.017414998707764254,9
-0.021729755665712985,0.03150088933575601,-0.0077598295434831216,0.006536646820972521,-0.005090843650082043,7
-0.006789547103888944,-0.0008063807139244881,0.004609286938713691,-0.00592400454468615,0.00901641815650461,1
-0.011935286793917428,-0.030483217383283783,-0.016108222145961592,0.007981879383397608,-0.0016955978624283948,2
0.08635428811007989,0.009229263424764593,0.0008039292385808618,0.0029170564033727,-0.0008229296997522131,3
-0.016455923252431868,-0.021853547744463884,-0.011622185744085502,0.004544992773311783,0.0014717718351729113,2
-0.014135097414416172,-0.0036818065795411,0.010704071729843079,-0.001636984785753232,0.008574765262629621,1
-0.0002018784581644356,-0.0016683005343316119,0.009040531108376397,-0.007959451100897685,0.004736457871598138,1
-0.013783694846154469,-0.013968830168575867,-0.008681199973722362,0.0009283409029716124,-0.00013589351843941742,2
-0.016140196904809598,-0.007699078925083545,0.0071850813956859045,0.0007780850957074998,0.003501505313286396,1
0.011431637444788544,-0.003121870661348452,-0.006222078605210796,-0.007454353713337776,-0.0002493944487855828,4
-0.017441648784071877,0.016038113629854772,0.0033427117650144528,-0.001798540924556181,0.016915273845790866,6
-0.015443659000763403,-0.007006915960678822,0.05423486856902071,0.035579825601107236,-0.02386787927802298,8
0.0007301785974598387,-0.007446701783089392,-0.00226694932044036,-0.005672747857145765,0.0005920506172616873,1
-0.006846465578160738,-0.004206419583414143,0.006454770030082821,-0.00704335420027202,0.006317162608629969,1
-0.0005882043842743371,-0.006521144178418879,0.002595714007855931,-0.0068453849218081285,0.003503135478153183,1
0.0035931730771727797,-0.008758493833903423,0.0018965679328152402,-0.006784819435391619,0.0011641685808901265,1
-0.010908885718606908,0.0006353837517896908,0.02123670571112376,0.0041599750894676015,0.015890647849530228,9
-0.005033844122293714,-0.009776828730953696,0.0017742632547508,-0.004965294938826962,0.003856369650441512,1
0.006377753492401309,0.004256734761515588,-0.012140809475834345,-0.005692961678098363,-0.006114335026943267,4
-0.014941462166343488,0.019041895358707032,-0.00424701130279288,-0.0020172163694439885,0.000533292848273645,5
-0.0039636892588548345,-0.035212316327512344,-0.025580067065611466,0.007006131718390983,-0.0008808930386929798,2
-0.01163741156779167,-0.046077347780170114,-0.027104775875485473,0.022379579186116032,-0.004588962878907944,2
-0.013198667406594951,-0.016032496214270983,0.016026822448601975,0.009647737345841774,-0.009233171613017507,8
-0.009852625112283417,-0.0021079980316820613,0.015001430640776442,-0.0030343211351553387,0.003414481620182694,1
-0.0050075097621738035,-0.01773871504792802,0.00928831368749895,0.007028275407050063,-0.009737818520084521,2
-0.002595074545923221,-0.032437396576581075,-0.0219653113780787,0.005147679807960305,-0.0015970022814944737,2
-0.004148057649989305,-0.032883085914355695,-0.01884493624137234,0.005723585367139876,-0.003153869473000316,2
-0.0059557939245631275,-0.013964667480749336,0.007848293837755382,0.0011448575892016727,-0.0043658384926936215,1
-0.010604237529797046,-0.013412611301348895,-0.0033202836042938617,-0.004100148192682123,0.0055892428436918945,1
-0.009677724219585815,-0.011647790677542355,-0.0016530199025814748,-0.004469310978470711,0.005662438868125363,1
-0.006191847920409217,0.0005569493168177493,0.004935810708468802,-0.008782852971284148,0.010717480458402482,1
-0.007752658654675082,-0.004187404887822166,0.0029078566890102346,-0.00575107388258526,0.004633766238796512,1
0.0024015953226969727,-0.012403376126023394,-0.005987093417032267,-0.006438342923354403,0.003260409873454875,1
-0.014290736922902263,-0.010250665592438276,-0.0091408428933439,0.0006958515140047987,-0.0008007161584559967,2
-0.011358387001108704,-0.005732828097890556,-0.0007779159012436298,-0.0024867774069455405,0.00026181885609230304,1
-0.011669947051717436,-0.03132165906634769,-0.017220483030789133,0.007048699435705855,-0.0009441373319502947,2
0.006250812806858462,0.001678915105223179,-0.011203625709127238,-0.0018186955651313603,-0.00928972927735586,4
0.062473738129085354,0.003027203893456631,-0.0010662405499442282,-0.005080364254499692,-0.0007926081073418627,3
-0.013923358717647404,0.02065340316384722,-0.005922094600366746,-0.0023342308545816043,-0.0013575070570244793,5
-0.015932852661387123,-0.01466773237373713,0.004207815216796175,0.0018428207165818937,-0.0003242825470128817,1
-0.005437553056324674,0.0026764608555808803,-0.002504865876997937,-0.007752183034882117,0.005361578383748244,1
-0.023050767481395028,0.056107843207168585,-0.02261223073344196,0.017837054041249658,-0.01860793440757475,7
0.018884638347345203,-0.008195244003112745,-0.0037419870799849583,-0.01012967100958171,0.0027597886742283975,4
-0.0087808116520968,0.009662243373349831,0.004761605414613004,-0.007522354948148229,0.009165107022605366,1
-0.014298401845316614,0.013356427535915252,0.00347509664886095,-0.005213484368783693,0.006555298953695284,5
-0.016099410976894206,-0.014479337423257958,0.026724774423177066,0.016342384883301427,-0.014447232222721278,8
-0.0049147717848999775,-0.017300527687235712,-0.004550888113474978,-0.002361906194987301,0.0009263138128368215,2
-0.007240847773707144,-0.001549457093262701,0.002444828786563893,-0.006018005800020164,0.004231935780347058,1
0.003372868631516423,0.0018572494195559681,0.0075664629618872135,-0.009211109035499286,0.007101586973340054,1
-0.010821414740862416,0.0248272793027201,0.0005132734816214545,-0.003814102754714017,-0.0008628067087365643,5
0.1036904183423344,0.012605683774042281,-0.0013498532569932817,0.013134276575737914,0.0007781536016827391,3
0.05856889660162518,0.0014280144013789453,-0.00046681374224467767,-0.0066100561761249085,-0.00020181071089230753,3
0.07648744297570256,0.006997869396041335,0.0006932350453074062,-0.0015561429182888533,0.00016584238014518102,3
0.0018866996005356827,-0.01312015529186294,-0.004460554378434872,-0.005696772995082748,0.0020635410281640816,1
-0.015299542409555585,0.013844945101064092,0.00346611210895108,-0.0007561068835144462,-0.0020757915197351377,5
-0.01623553245110848,0.0030377995811417336,0.006216626356419412,-0.005737659703232725,0.00865630556559644,1
-0.01687495765638191,-0.013082158165339886,-0.013011338465364767,0.0031799966445520064,0.0001672446483011688,2
-0.015282037809559803,-0.004266810000673324,0.01650064147879048,0.004928815312424258,0.011469202214290857,9
-0.012314438012133834,-0.004077410663531244,0.02838003090198201,0.006805637203026282,-0.007473025653994562,8
-0.008681368708662126,0.005839860445470318,-0.00411780875708395,-0.0050879465699376365,-0.0009069934300461086,5
-3.489782482232416e-05,0.001684725349171767,0.013351101672140734,-0.006528615751860578,0.005745669509533931,1
-0.01289589842221014,-0.010668139670301193,-0.013771605175484838,0.0004181097622532649,-0.0011918062167816405,2
-0.00784289415190685,0.002617284184073231,0.008529074777964945,-0.007262695577162351,0.007928995158797438,1
0.0015244930418996684,0.0035843813137802784,0.01163782981731576,-0.00864532829386694,0.005276102550753169,1
-0.015871883208976197,-0.02070375126290671,-0.003442524634542551,0.0033297122713865767,-0.000310625861875977,2
-0.018911045973607668,0.019713435848703546,0.001541724822759492,-0.0016633790886390796,-0.0026869905484605146,5
-0.013036659301948094,0.010001652516320993,-0.003390586438089983,-0.0046335032644089676,0.002413934191322711,5
-0.0022393870099386543,0.006398464334707138,0.0080850209305804,-0.010276882843483874,0.016188971451620963,1
0.013222368747546578,0.0026740395682493196,0.003958388392812675,-0.00928138448917,0.0006515854921736332,4
-0.010452800411612726,-0.027847632137530394,-0.02313355202706902,0.007876446544746639,-0.0021350998516650463,2
0.028210828887529134,0.004405002934267072,0.00832461822436856,-0.012282641450497947,0.003281731311855899,4
-0.00432732373478163,0.0008820397973482292,0.00934024354561187,-0.009172592166285524,0.007671826498508409,1
0.0454480678810911,-0.011056263946996476,-0.008881087650267745,-0.00538543640819444,-0.0031261537127601387,4
-8.242766074512898e-05,-0.005519374958849464,0.017582074786320328,-0.0010333299092521735,-0.004656400873176591,1
0.002350814096423831,-0.005671989607717316,0.016049175403192673,-0.00032141088873055795,-0.006042120820674486,1
-0.008817697478330569,0.0026648558807018754,-0.007638590447137889,-0.004945174569008255,-0.0012627281098398137,5
-0.012482725962552692,0.001323979911977558,0.009281507355386366,-0.008068965188506161,0.013305282005692413,1
-0.006256384204115317,-0.0005335668710931991,0.0060027014616269485,-0.00972620619795578,0.00800687151192565,1
-0.013908293827007465,-0.00811291742308798,-0.009967413940633413,-0.0021046758074376084,0.0007058917150683582,2
-0.011069269476088146,0.012794538126624191,-0.0009668097908322903,-0.004922245900305978,0.0009153985949367035,5
-0.010313830864231512,-0.004883424809972928,0.00836602216053207,-0.00558590364142547,0.00634833823756525,1
-0.009839505395084585,0.012460851889815338,-0.00019979033207109296,-0.006438200671507956,0.0020886834742616122,5
0.012458045378475164,0.01620166242882148,-0.0003237928662165701,-0.007751572116168594,-0.004153345230673869,4
-0.01231566669403706,0.016338586542811014,-0.002372510121665423,-0.0020738616044648226,-0.0028699882627035555,5
0.023220891853768674,-0.017650602291219786,-0.00505281664896216,-0.0010202259887972308,-0.005901211195224222,4
0.009985544500135763,-0.01244815430543451,-0.006415275396251689,-0.006359226449765495,0.0020745204460449244,4
-0.014447928637969029,0.025925824928333452,-0.01432307362695931,0.0018365733584400216,-0.009484651517002807,7
0.0042152313755103215,0.008995014007819685,0.006006694157926624,-0.010622597385960305,0.005276334349608371,1
0.04261182930794563,-0.006716782845079596,-0.00384174296693996,-0.003278160787624375,-0.00444970196700744,4
-0.014113162166583156,0.019477166410881038,-0.0022964932480530054,-0.004540648681779098,0.0022867293992766243,5
-0.01079264808381214,-0.00095024841665961,-0.002896907122857252,-0.0037017019017153126,-0.000815140107173356,1
-0.004350935703077364,0.006535563497093166,0.0165096792639689,-0.006790677012900302,0.003419610162017268,1
-0.007361373549058564,0.00871865447297143,0.012561098270480261,-0.009839720935710112,0.014992075812441653,1
-0.014044045315307728,0.0250943242776919,-0.005917630463754867,-0.0022811885637102083,-0.0027843945221187293,5
-0.00751882544366501,-0.007003641309027751,0.005562138138707998,-0.005963873608480802,0.005251790875281145,1
-0.020693161439077148,0.04132130060047065,-0.01199311702357638,0.010322669181894374,-0.010551784591637504,7
-0.01371062409543502,-0.03284710944214985,-0.01942957780356952,0.008853014559493612,-0.0009654979616276503,2
0.0006774738280231058,-0.021435894311023006,-0.012629859648245048,-0.0031295664872302113,0.0006108797455920536,2
-0.004224756036135295,0.003655732072099017,0.006867598279459551,-0.006161522876970781,0.010105078783743384,1
-0.01628161014870528,-0.01094165272585161,-0.013488462407524411,0.0010695653888580965,-0.0016070695273877485,2
0.006855407481764047,0.005216916340345814,-0.0026090698076666496,-0.00747016168585005,-0.003161530797070368,4
-0.015386641002209716,0.008929408409871293,0.02348419506909612,0.0055883039735812315,0.009515251000408344,6
-0.016881913329016354,-0.010485034914352952,-0.005300638250996512,-0.00029036674328124083,0.010112216542476925,2
0.013186546498355354,-0.002033646906630649,0.0066188059962053415,-0.00980593916455657,0.0029210939830449233,4
0.01076884686601436,0.01373658559572887,0.0015496941807820789,-0.0097260699956187,-0.0016731559421585096,4
-0.005372246659411795,-0.0028715954373081903,0.05134458313487159,0.02730720586642294,-0.022535672970781392,8
-0.01681798846550422,-0.005327532243429843,0.018579410730803,0.0020282668096428015,6.040261002495719e-05,1
-0.011791910431519902,0.0029446344794903626,-0.003982327677103839,-0.0032900631572249403,-0.0015407626399493743,5
-0.004098459038719531,-0.03148770532867784,-0.00828308398356549,0.014541759186785554,-0.009183725987431286,2
-0.010935443554124437,-0.012121826499474193,0.00348048798440004,-0.0004772085478994773,0.0014821742115429025,1
-0.010450746484632895,0.004262831643386623,0.00795240376445683,-0.008004829161078668,0.012120703998599434,1
-0.01970392777985087,0.013741624910721777,-0.004733521580937857,-0.0006777349176478979,-0.001670693602647267,5
0.05917913253870909,-0.0012261446213623222,0.0003407843646760269,-0.00030990885804075207,-0.004451655221688005,3
0.002579207981175461,-0.0008243633325064759,0.010367454782952024,-0.007626928263490247,0.004076461078907721,1
0.012154866999964795,0.012489290003772484,0.002023961086687445,-0.010322527353684469,-0.0006592970797371863,4
-0.014211717666221889,0.016841637147335036,-0.015331664905210372,0.001863509066678477,-0.011038214272614177,5
0.0057616056115419294,0.01651224466867389,-0.0002748869772951922,-0.005785281959770322,-0.0005369444691280317,5
-0.01760195773630393,0.03400990346369473,-0.009335625108821265,0.003196531853770553,-0.008424747391186363,7
-0.015166270820157899,0.034778917128326745,-0.006275655782074535,0.001682547825520593,-0.005057104699367504,7
-0.013565106733714147,0.0189899089524081,-0.012608937466360616,0.0019352285055673501,-0.005888663219016497,5
-0.0011572621591575735,0.005475525257761869,-0.007527496644137924,-0.00654303958496348,-0.0007129146078558794,5
-0.010206246713062136,0.032240976708573725,-0.016024319783200517,0.005847630626867149,-0.007781004922119278,7
-0.02153034546053917,0.041545477533901885,-0.011466713023242318,0.006447310471244905,-0.009628209174465972,7
-0.015899977496135913,-0.005005045521560197,0.008535186458543337,-0.0005445360611249467,0.00471675349815912,1
-0.011675194082599318,-0.0036088509651553006,0.045172907362560806,0.023967547846765462,-0.01832355214058356,8
-0.015421907743436528,0.012859289065350893,-0.0005274217834819699,-0.003895199759562851,0.002400080501377764,5
0.021203518784192625,-0.014676633008971393,-0.00614757850845124,-0.003738901186004224,-0.0034582522999303147,4
-0.004108445669604983,-0.012112421492064927,-0.00534390636052787,-0.005211507891466025,0.002350582484184501,1
0.009729849053781226,0.007326083247885907,0.012307749678812296,-0.010287367635382249,0.006439273665035281,1
-0.0147484416973014,0.017169838462647163,0.011435979576093097,0.0029851027662157184,0.03134394007408972,6
-0.0013048538634333627,0.0011190195616005583,0.010461607663475007,-0.009202686102472567,0.005586468408129539,1
-0.012940579625400643,-0.01694747084238742,-0.024092701114242786,0.004585840068173087,-0.004863128640150185,2
-0.004877318278921322,-0.006010799304655805,-0.003714401322059045,-0.008240410118778742,0.006181180382490749,1
0.012457353361173033,-0.012912034543462233,-0.0027314476026906644,-0.0061371796993128355,-0.002197011524552618,4
0.03290185663189841,-0.003449720928570579,0.00166292118054502,-0.008840161137819906,-0.000983652253378146,4
0.08425719399118504,0.010517861350836792,0.002593044904327896,0.0036748603024169936,-0.0007549186972209606,3
0.04023713026312814,-0.002849798518027495,-0.004613428088177808,-0.006476213103844129,-0.00038968743771672755,4
0.05387158283579239,-0.009133804603911111,-0.009887443871557475,-0.0018183391532861607,-0.004777701981617639,4
-0.012658873717452774,-0.000616226710899416,-0.006855000324411398,-0.0043412450645740185,0.001857450364705679,1
-0.003868497701110305,0.0008658017907936154,0.02565996535120342,-0.0007690589707548799,-0.0032412164860547025,1
-0.000477204573515745,0.01304180641950107,0.0077453314897915635,-0.008094857985678735,0.0023202374101938695,5
-0.02223786329629952,0.05403890554022531,-0.02149318656659021,0.019141376667600525,-0.018189744153917112,7
-0.00931192222377746,-0.013792762649901305,-0.019859497162055564,0.0043820601606925766,-0.006790808540651902,2
-0.01344556549629934,-0.020058662685281357,-0.0030150502856381672,0.002000458695274393,-0.0007010316075792548,2
-0.010068690883240621,-0.00047888573950480285,-0.002488216582873,-0.005915282187471301,0.0022258525792193244,1
0.023605718438576798,-0.011333188365031928,-0.0025906795100455087,-0.006283963595825801,-0.003569386355380784,4
-0.012572040987058296,0.006423037717533223,0.005060829134181644,-0.007472017981824638,0.01084400755402109,1
-0.007642418169699876,-0.00950013725176819,0.0019135142044958257,-0.002520049022729127,0.0031213857330571917,1
-0.018147017522916364,0.012653096185780973,9.199806969585083e-05,-0.003645047380378327,0.006669424384353785,5
-0.02010728338530696,0.03443132680108655,-0.005834833358468551,0.0021840355147000026,-0.004947038246871525,7
-0.009461833956782212,-0.01491129292957908,-0.006058860618264419,-0.004845959951071209,0.0049782576163458015,2
-0.002447847181964394,-0.009786671829885666,-0.011965898250256644,-0.0009578271737185215,-0.004664287005474579,2
-0.021119474723671705,0.03545462827629754,-0.004078564580988969,0.006306663658103778,-0.010164943616891638,7
-0.012138187497464379,0.0014832752100515803,0.010622172600371887,-0.006955813182838462,0.009123067460934923,1
-0.006476755221391731,-0.030063761082216235,-0.016217345332896153,0.007101884143388024,-0.0023121385168012303,2
0.0033677623100088756,0.004925590061025474,0.007164926821781766,-0.008840497070535995,0.0012598676110848377,1
-0.015256726809159349,-0.007106868863578823,-0.006601032951950375,-1.1577000617279256e-05,0.0026494083272067728,2
-0.009233965999518744,-0.013468886208511879,-0.004587733321979643,-0.0035321645385217215,0.006275723239913138,2
-0.009597607110203372,0.034752833526554526,-0.01551723297846854,0.0034708257163549947,-0.009084653583114827,7
-0.0018595386044912257,0.0016012903419816546,0.01243412978871428,-0.008569499928456322,0.005068708971201381,1
-0.012832857763932627,0.004152659070964382,0.014345464777369706,-0.004984566423598306,0.003385728328701053,1
-0.009103559398930731,-0.008993910617949893,0.005787850858033107,-0.003225277589437106,0.001877484501010326,1
-0.009184863659208266,0.016647097604539505,-0.0005892600680145345,-0.004851122748494936,0.0019143787390598183,5
-0.010637714354508433,0.005735911655283669,0.0025506939869776968,-0.0074167760649734345,0.005998780721519147,1
-0.0019030190803779956,-0.008121216764719113,0.004083613346569805,-0.0023387313635457644,0.0046603122072936,1
0.0013429882730246947,-0.0003795934306102141,-0.010792606527354209,-0.006640259669297749,-0.0020762848930308015,1
-0.010930424124415453,0.003468625935472727,0.02144481999801473,-0.004015411222610025,0.004587681497835257,1
0.01752719089983713,-0.0237294789672983,-0.012977019589219707,0.001962753576081235,-0.005360583842701958,2
-0.0035491315077409184,0.02526768010810948,-0.002141540626973951,-0.00433312979069434,-0.005794501609707042,5
-0.012392730775025616,0.01331870157813172,0.008627084579863293,-0.0048693033477797,0.005299953934752525,5
0.05979775913472384,0.006357476191925962,-3.8200776414046736e-05,-0.00546901338025657,-0.001459202376970736,3
-0.0033133129616800786,0.003558851423518454,0.010176622272219124,-0.007971911919526347,0.007344586003679337,1
-0.0002631552377159715,0.008313785346029256,-0.01729924831670317,-0.0028797568809576,-0.003617687735348979,5
0.08262967962780451,0.017543251448765906,-0.0035867577168966986,0.004813506497427958,-0.005801767138052683,3
0.0005214467429944415,-0.012652190887509247,0.00041657671387519587,-0.0018914906356691389,-0.001547089479224404,1
0.0020461224140848134,-0.0102619193204699,-0.010939313004144987,-0.0034029715417197176,-0.0035497393399451962,2
-0.021681723406861902,0.03183435357890246,-0.015610402357035497,0.00474826156820633,-0.009051645851398617,7
-0.02165727616772856,0.0678966319517209,-0.03333088659479328,0.03714729992514713,-0.023104185698677587,7
-0.001587708649349964,0.004092710714079284,-0.002393687274398078,-0.006366581549316693,-0.0004566761159463265,1
-0.02367008403172619,0.059469332183558654,-0.030131751440866036,0.0228519945378791,-0.017858614066445785,7
-0.01319302215057007,-0.027556560813359634,-0.025862273738079304,0.007126997021826409,-0.003142367136362278,2
-0.017754146960341517,0.004168557810284798,-0.007316026734508605,-0.002646502578140774,0.00012678165947304878,5
-0.019484518193357146,-0.003213799650132205,-0.023186737635920763,0.006650212267312515,-0.010048875552140594,2
0.004052750006665747,0.0014917181486625885,0.006929453141775429,-0.009563859959828332,0.004075983733726431,1
-0.013596890320305597,-0.0010255315193403746,-0.013305991889437952,-0.0020641940211280174,-0.0036582551487160412,5
0.024502754144263224,0.019305610187535377,-0.00220556969368181,-0.007031889991018755,-0.0019564442689955375,4
0.033279990726259895,-0.007526091247975553,-0.004729419042820755,-0.008546199434033343,0.0005316295392185507,4
0.1011235703216124,0.012688397048763183,-0.0002562525948489434,0.011657918930646572,0.00023511057440204206,3
0.007875709963319839,-0.004763773346242155,0.007098518806769725,-0.0058608896146181986,-0.0008024323066236115,1
0.02204778487323913,-0.0017401948341324517,0.005502246267882682,-0.008532147353353305,-0.0006981197702054402,4
0.013871037840338536,-0.015225380268192977,-0.008486093811869534,-0.0042882190665746904,-0.0015942749132919804,4
-0.004346784632363298,0.025692852686018453,-0.0005941725560404669,-0.004249175307678533,0.0001617647955916366,5
0.021143073426400313,-0.01023023486140371,0.0023568458104796185,-0.002507545722936816,0.0030909204330733463,9
0.006210856394059822,-0.01765037741145855,-0.00828323109348401,-0.002432969458741071,-0.0008380526002343543,2
0.012058332111682552,-0.008427786240832784,0.006622046592105655,-0.0033062866397906504,0.0057631817639289375,9
0.03828100373032304,0.005580674253863806,0.0072016490322802116,-0.010098223623245767,0.0009553704270333579,4
-0.021907664709252282,0.0515436357427718,-0.020732800276019234,0.020587331860867225,-0.014482047129055885,7
0.009783622851534703,-0.001425023606897525,0.009545612987209896,-0.005871770648770978,-0.0005084501146054323,1
-0.005407461756097668,-0.001782547024898213,-0.0032222698180593944,-0.006286817344134094,0.0013085884258227658,1
0.09050740829237086,0.005804538845649272,-0.0030366296480946646,0.008608641752609131,-0.0026741085497648453,3
-0.009054751979910876,-0.03458376924732997,-0.024508237954672645,0.007735359392640742,-0.0006852327343980467,2
0.0041026306058765186,0.0015773391496937688,-0.010065661878042791,-0.004724246045037015,-0.005909492957651416,4
-0.0074695587967379615,-0.0023578036926931657,0.005457799386445415,-0.004672855565299946,0.0034646500529698712,1
-0.016936627865035147,-0.0026139778233021534,-0.0015237232653056332,-0.0004938964383987696,-0.0005949511553820289,1
-0.019423586911563755,0.02684145097599469,0.003641163822671615,0.0014378871875460014,7.655110052711892e-05,5
-0.017452355409076394,0.03882632263723888,-0.009669016875707334,0.004308344180744332,-0.009198261469582428,7
-0.015482920361452905,-0.016749396240975125,-0.008842978057853773,0.00206834147517706,-0.00014951189968808178,2
-0.01623845614341412,-0.0030266124528518373,0.0012720970241622668,-0.004348389038676662,0.011010541018487292,1
-0.016915377851067673,0.011583054402726093,-0.017680900047218548,0.00590002151530155,-0.007641579429091948,5
-0.010198177908598281,0.044169653256815794,-0.013910820896117015,0.008585357162844446,-0.013998286426936348,7
-0.0010504296120745567,-0.006521232820028443,-0.009100542735804632,-0.005787574323354534,-0.0004396213349500046,1
-0.012622941938480075,-0.0021631923376639155,-0.019085916732836803,0.006100968852495639,-0.012394226036607578,2
0.04031076569804648,-0.004492798619342456,-0.0014841773298097064,-0.006282374604907841,-0.002091140333921778,4
0.008910430493986455,0.0252408376811482,-0.010148583962656457,-0.0029200969018300625,-0.009123263912773745,5
-0.01794581578426418,0.02179261342980994,0.004150409960635536,-0.004191811773581759,0.006392641225752219,5
0.014805599249408616,0.027592661882034485,-0.004154470016149163,-0.004467874189117312,-0.009378188022273208,5
-0.01800565524728758,0.029707353347353395,0.0006354686538292603,0.007717976666964345,0.01566719538973538,6
-0.005044515933724716,0.01927495120508923,-0.013447037391512241,0.00015770085835239498,-0.010808343888501982,5
-0.011896623365597823,-0.021153438679476156,-0.005103711109306081,0.002955014332063838,-0.0005205626601991056,2
-0.022622030082518233,0.047855167348667633,-0.020506219360745887,0.012806941579084522,-0.015010378438550308,7
-0.011736995244140501,0.01612711499403031,0.010526782960298239,0.011204235646912124,0.03269759486715717,6
-0.021388169384709138,0.03961042513007228,-0.008440262015194431,0.0055056319301578305,-0.003265611483389602,7
0.10599916261510543,0.01327510643695583,-0.0011239367292226231,0.014070973295333437,0.001036372063442033,3
0.061578770333247025,-0.0010313365701998447,-0.0035486511872106054,-0.0022579591573129183,-0.0032293435942112314,3
-0.0037806113997265085,-0.01679129323941143,-0.007562912128234159,-0.004362364460905266,0.0027480538909003273,2
-0.008206803723323431,0.019594036025959154,-0.00030895811681391804,0.0012818091935559326,-0.010940544659745548,5
0.08753202511596003,0.007416467868925554,-0.0003686428539316458,0.0035494421673934458,-0.001738716728752984,3
-0.005804956745725991,-0.021818003922711205,-0.012869210844964545,-0.001439219803952848,0.001780450871839297,2
0.029510218431247796,0.006526055204581055,0.0019187820877011972,-0.008205723265020441,0.01019062191289785,4
-0.014092559300304657,0.03318111729058771,-0.011921771391021418,0.0024886696867426642,-0.009023720643819799,7
-0.010599547483532416,0.02693643131819458,-0.005933554623329743,-0.0009260723028080675,-0.005570901440206486,5
-0.01889257475498662,0.019323137815121627,-0.0010305284992199642,-0.0032352617263058533,0.0011527677807938769,5
0.08747262016781268,0.00827919092162248,-0.0008556498435588756,0.003569161429235817,-0.0013672385171601953,3
-0.01100017817567329,0.023914909701516714,-0.008218923690267652,0.00010246406323519634,-0.006813742656357992,5
0.01574287386453386,0.01601345779642688,0.0008577451052597364,-0.0068066257387907145,-0.005771316084749244,4
-0.012492991553759835,-0.028303077078156037,-0.02174292927497069,0.003265918876854155,-6.810569222610923e-06,2
-0.012371995745482865,-0.017216574351999702,-0.0032263629932866088,0.0007629915140201475,0.0016102720752855907,2
-0.009124650863367924,0.018384527157111932,0.0020467976618264313,-0.006590394691532248,0.0014353128208971693,5
0.026603467173639945,-0.006363324875358204,0.004567763868892594,-0.005482904130356641,-0.0037440314305500627,4
0.0009138798352489652,0.001680655871396999,0.0075679117169549165,-0.009581674697536612,0.007355002636239386,1
